n,cpu_time_s,gpu_time_s,gpu_h2d_s,gpu_alloc_s,gpu_kernel_ms,gpu_d2h_s,gpu_total_s,speedup_cpu_over_gpu,cpu_ok,gpu_ok,note
10,0.001318294001976028,0.0013492410071194172,0.0008024529961403459,0.00010679400293156505,0.14847999811172485,7.189999450929463e-05,0.0011181419799104332,0.9770633971395074,1,1,
100,0.006418807999580167,0.001657524990150705,0.0009397260000696406,0.00011311400157865137,0.21094399690628052,0.0001421080087311566,0.0013662230116315186,3.8725256256899985,1,1,
1000,0.05757803699816577,0.001554370013764128,0.0008528600010322407,0.00011626600462477654,0.158720001578331,8.23299924377352e-05,0.0012496610063826665,37.04268384509835,1,1,
10000,0.5375534269987838,0.002765152996289544,0.0013583550025941804,0.0006098189915064722,0.22015999257564545,9.987699741031975e-05,0.0023435379915172235,194.40277905783398,1,1,
100000,5.420191783996415,0.03171148900582921,0.01139815901115071,0.0007543700048699975,13.861472129821777,0.0006233229942154139,0.026813794124638662,170.92202081712642,1,1,
1000000,52.89166430199111,0.05196162698848639,0.02377372900082264,0.001756483005010523,6.965216159820557,0.0007779430015943944,0.032772254153038374,1017.8985410466613,1,1,
10000000,520.1366070090007,0.43698136499733664,0.19612158100062516,0.004946327011566609,69.40646362304688,0.006866469993838109,0.2780372396267485,1190.2947097347524,1,1,
