n,cpu_time_s,gpu_time_s,speedup_cpu_over_gpu,cpu_ok,gpu_ok,note
10,0.0011638179421424866,0.001489304006099701,0.7814508907354508,1,1,
100,0.007690370082855225,0.0014888197183609009,5.165413910101789,1,1,
1000,0.07279147207736969,0.0015976876020431519,45.56051632639738,1,1,
10000,0.7206974178552628,0.002259470522403717,318.96739112513643,1,1,
100000,7.328567862510681,0.009575173258781433,765.371828211006,1,1,
1000000,72.05717965215445,0.07705617696046829,935.1252877380816,1,1,
10000000,715.3798307031393,0.5936718434095383,1205.0088590939658,1,1,
100000000,7220.9160169065,9.182698987424374,786.3609628057591,1,1,
