n,cpu_time_s,gpu_time_s,gpu_h2d_s,gpu_alloc_s,gpu_kernel_ms,gpu_d2h_s,gpu_total_s,speedup_cpu_over_gpu,cpu_ok,gpu_ok,note
10,0.0018463134765625,0.00268680602312088,0.0016824081540107727,0.0002605020999908447,0.2593280076980591,8.206069469451904e-05,0.0022827949523925783,0.687177809143773,1,1,
100,0.013235911726951599,0.0027183443307876587,0.001703612506389618,0.00025960803031921387,0.255295991897583,8.174777030944824e-05,0.0023035118579864504,4.8691078525421405,1,1,
1000,0.12462539970874786,0.002879120409488678,0.001805923879146576,0.0002647712826728821,0.2717120051383972,8.59871506690979e-05,0.0024560061693191526,43.28592833353604,1,1,
10000,1.2402406334877014,0.0036442503333091736,0.0021277666091918945,0.0004699826240539551,0.30953601002693176,9.900331497192383e-05,0.0029729205071926117,340.328056542015,1,1,
100000,12.523217760026455,0.011456266045570374,0.0055506229400634766,0.00047923624515533447,0.7773439884185791,0.00020964443683624268,0.007018377721309662,1093.132588769499,1,1,
1000000,125.01666133850813,0.07783001661300659,0.03278866410255432,0.000813707709312439,5.15177583694458,0.0010849982500076294,0.03980881434679032,1606.2782301605719,1,1,
10000000,1256.622632727027,0.6284841969609261,0.2996945008635521,0.0009491369128227234,48.816062927246094,0.009090512990951538,0.3584184658527374,1999.4498490232577,1,1,
100000000,12962.750288568437,,,,,,,,1,0,GPU error: CudaAPIError: [2] Call to cuMemAlloc results in CUDA_ERROR_OUT_OF_MEMORY
