n,cpu_time_s,gpu_time_s,gpu_h2d_s,gpu_alloc_s,gpu_kernel_ms,gpu_d2h_s,gpu_total_s,speedup_cpu_over_gpu,cpu_ok,gpu_ok,note
10,0.0013022162020206451,0.0018686987459659576,0.0011675842106342316,0.00017900951206684113,0.18534399569034576,6.292760372161865e-05,0.0015958468765020371,0.6968572140543234,1,1,
100,0.00975952297449112,0.0019096117466688156,0.0011448487639427185,0.00017937272787094116,0.1802240014076233,5.9256330132484436e-05,0.0015632268488407135,5.1107367722867885,1,1,
1000,0.09213295765221119,0.0019387546926736832,0.001179959625005722,0.00017848797142505646,0.18329599499702454,6.198696792125702e-05,0.0016388153433799743,47.521719999116115,1,1,
10000,0.915728248655796,0.002350306138396263,0.0013525765389204025,0.00029322877526283264,0.19763199985027313,6.757862865924835e-05,0.0019065301567316056,389.6208386200469,1,1,
100000,9.235882362350821,0.005731044337153435,0.0028282534331083298,0.0003205426037311554,0.25468799471855164,0.00012324005365371704,0.00353514401614666,1611.5531165020113,1,1,
1000000,92.48255473189056,0.03801725432276726,0.016795165836811066,0.0004530530422925949,0.72079998254776,0.0004724692553281784,0.018416862010955812,2432.646869937313,1,1,
10000000,924.3307709749788,0.3350507114082575,0.14264032989740372,0.000525815412402153,5.422368049621582,0.004057262092828751,0.15265859200060367,2758.778714690406,1,1,
100000000,12549.733040479943,4.204403007403016,1.4930197522044182,0.0009225308895111084,52.41289520263672,0.04411555267870426,1.5988315661102532,2984.902498257817,1,1,
