n,cpu_time_s,gpu_time_s,gpu_h2d_s,gpu_alloc_s,gpu_kernel_ms,gpu_kernel_submit_s,gpu_kernel_call_s,gpu_kernel_launch_overhead_s,gpu_d2h_s,gpu_total_s,gpu_total_incl_launch_s,speedup_cpu_over_gpu,cpu_ok,gpu_ok,note
10,0.0013331267982721329,0.001881403848528862,0.0011607464402914047,0.00017867237329483032,0.18534399569034576,0.00017595477402210236,0.00019096210598945618,5.618110299110407e-06,6.006285548210144e-05,0.0015875213295221328,0.001592962071299553,0.7085808819380024,1,1,
100,0.009866071864962578,0.0019001271575689316,0.001146223396062851,0.00017938017845153809,0.17715199291706085,0.00016820058226585388,0.00018346495926380157,6.133794784545893e-06,5.966797471046448e-05,0.001559429332613945,0.001564839854836464,5.192321906279929,1,1,
1000,0.0928393192589283,0.0019222795963287354,0.0012039504945278168,0.00017622113227844238,0.1812479943037033,0.00016824714839458466,0.00018739141523838043,5.5727958679199275e-06,6.099604070186615e-05,0.0016199774593114852,0.0016261208802461624,48.29647020976419,1,1,
10000,0.9261812027543783,0.0023044757544994354,0.0013104360550642014,0.0002930760383605957,0.1884160041809082,0.0001742299646139145,0.000193791463971138,5.5725723505020285e-06,6.877072155475616e-05,0.0018526913076639176,0.0018580667674541473,401.9053795406747,1,1,
100000,9.323935279622674,0.005446631461381912,0.002734418958425522,0.0003142859786748886,0.24700799584388733,0.0001867879182100296,0.00025241635739803314,5.45214116573332e-06,0.0001208372414112091,0.0033686323910951613,0.003374449908733368,1711.8718873733046,1,1,
1000000,93.38123101182282,0.037761375308036804,0.016503144055604935,0.00046741217374801636,0.7331200242042542,0.00020683184266090393,0.0007390175014734268,6.301447749137903e-06,0.000716034322977066,0.018390201330184937,0.01839655078947544,2472.92981916229,1,1,
10000000,932.7575718294829,0.32694675028324127,0.13975165411829948,0.0005362797528505325,5.455840110778809,0.00027536042034626007,0.005462994799017906,7.310509681701313e-06,0.0044145844876766205,0.15006471394002438,0.15007218904793262,2852.934219475845,1,1,
